﻿<?xml version="1.0" encoding="utf-8" standalone="yes"?>
<MemberData>
  <PrintingType>New</PrintingType>
  <ReplaceReason />
  <CIF_ID>5556779879877</CIF_ID>
  <FirstName>JAMIE</FirstName>
  <MiddleName>RECLOS</MiddleName>
  <LastName>ABELAR</LastName>
  <Suffix />
  <Gender>FEMALE</Gender>
  <DateOfBirth>30/01/1988</DateOfBirth>
  <MaritalStatus>Single</MaritalStatus>
  <MembershipDate>26/12/1999</MembershipDate>
  <MembershipStatus>HOLD</MembershipStatus>
  <MembershipType>Regular</MembershipType>
  <MobileNos />
  <ContactNos />
  <IDNumber />
  <BranchIssue>AGUINALDO</BranchIssue>
  <Address1>#34 LOT 5</Address1>
  <Address2 />
  <Address3 />
  <City>PASIG</City>
  <Province>NCR</Province>
  <Country>Philippines</Country>
  <ZipCode>1600</ZipCode>
  <FullName_Contact>ALEX LOPEZ</FullName_Contact>
  <ContactNos_Contact>99912345</ContactNos_Contact>
  <AssociateType />
  <CIF_ID_PrincipalMember />
  <PrincipalName />
  <IDs>1,0,5,1,1,610,0</IDs>
  <Supervisor />
  <VoidReason />
  <RefDataID />
  <LeftPrimaryFingerCode>Left Index</LeftPrimaryFingerCode>
  <LeftThumbFingerCode>Left Thumb</LeftThumbFingerCode>
  <RightPrimaryFingerCode>Right Index</RightPrimaryFingerCode>
  <RightThumbFingerCode>Right Thumb</RightThumbFingerCode>
  <PhotoOverride>True</PhotoOverride>
  <SignatureOverride>False</SignatureOverride>
  <PhotoICAO>True</PhotoICAO>
  <PhotoScore>0</PhotoScore>
  <SessionReference>StationName_20170512_044857_0003</SessionReference>
  <Timestamp>5/12/2017 4:50:46 PM</Timestamp>
  <OperatorID>admin</OperatorID>
  <TerminalName>StationName</TerminalName>
</MemberData>