﻿<?xml version="1.0" encoding="utf-8" standalone="yes"?>
<MemberData>
  <PrintingType>New</PrintingType>
  <ReplaceReason />
  <CIF_ID>4324324324324</CIF_ID>
  <FirstName>DFDSA</FirstName>
  <MiddleName />
  <LastName>FDA</LastName>
  <Suffix />
  <Gender>MALE</Gender>
  <DateOfBirth>17/05/1988</DateOfBirth>
  <MaritalStatus>Widowed</MaritalStatus>
  <MembershipDate>17/05/2017</MembershipDate>
  <MembershipStatus>ACTIVE</MembershipStatus>
  <MembershipType>Associate</MembershipType>
  <MobileNos />
  <ContactNos />
  <IDNumber />
  <BranchIssue>AGUINALDO</BranchIssue>
  <Address1>FA</Address1>
  <Address2 />
  <Address3 />
  <City />
  <Province />
  <Country>Philippines</Country>
  <ZipCode />
  <FullName_Contact>REW</FullName_Contact>
  <ContactNos_Contact>4324324</ContactNos_Contact>
  <AssociateType />
  <CIF_ID_PrincipalMember />
  <PrincipalName />
  <IDs>1,0,2,3,2,610,0</IDs>
  <Supervisor />
  <VoidReason />
  <RefDataID />
  <LeftPrimaryFingerCode>Left Index</LeftPrimaryFingerCode>
  <LeftThumbFingerCode>Left Thumb</LeftThumbFingerCode>
  <RightPrimaryFingerCode>Right Index</RightPrimaryFingerCode>
  <RightThumbFingerCode>Right Thumb</RightThumbFingerCode>
  <PhotoOverride>True</PhotoOverride>
  <SignatureOverride>False</SignatureOverride>
  <PhotoICAO>True</PhotoICAO>
  <PhotoScore>0</PhotoScore>
  <SessionReference>StationName_20170517_115242_0002</SessionReference>
  <Timestamp>5/18/2017 11:34:06 AM</Timestamp>
  <OperatorID>admin</OperatorID>
  <TerminalName>001</TerminalName>
</MemberData>