﻿<?xml version="1.0" encoding="utf-8" standalone="yes"?>
<MemberData>
  <PrintingType>New</PrintingType>
  <ReplaceReason />
  <CIF_ID>5435435345345</CIF_ID>
  <FirstName>dfdsaj</FirstName>
  <MiddleName />
  <LastName>jfdksj</LastName>
  <Suffix />
  <Gender>MALE</Gender>
  <DateOfBirth>18/05/1988</DateOfBirth>
  <MaritalStatus>Married</MaritalStatus>
  <MembershipDate>18/05/2017</MembershipDate>
  <MembershipStatus>ACTIVE</MembershipStatus>
  <MembershipType>Regular</MembershipType>
  <MobileNos />
  <ContactNos />
  <IDNumber />
  <BranchIssue>AGUINALDO</BranchIssue>
  <Address1 />
  <Address2 />
  <Address3 />
  <City />
  <Province />
  <Country>Philippines</Country>
  <ZipCode />
  <FullName_Contact>fjasklfjka</FullName_Contact>
  <ContactNos_Contact>432</ContactNos_Contact>
  <AssociateType />
  <CIF_ID_PrincipalMember />
  <PrincipalName />
  <IDs>1,0,1,3,1,610,0</IDs>
  <Supervisor />
  <VoidReason />
  <RefDataID />
  <LeftPrimaryFingerCode>Left Index</LeftPrimaryFingerCode>
  <LeftThumbFingerCode>Left Thumb</LeftThumbFingerCode>
  <RightPrimaryFingerCode>Right Index</RightPrimaryFingerCode>
  <RightThumbFingerCode>Right Thumb</RightThumbFingerCode>
  <PhotoOverride>True</PhotoOverride>
  <SignatureOverride>False</SignatureOverride>
  <PhotoICAO>False</PhotoICAO>
  <PhotoScore>0</PhotoScore>
  <SessionReference>001_20170518_122519_0003</SessionReference>
  <Timestamp>5/18/2017 12:26:38 PM</Timestamp>
  <OperatorID>admin</OperatorID>
  <TerminalName>001</TerminalName>
</MemberData>