﻿<?xml version="1.0" encoding="utf-8" standalone="yes"?>
<MemberData>
  <IDNumber>123456002</IDNumber>
  <FullName>ALJON TIJUANO</FullName>
  <NickName>JON</NickName>
  <Gender />
  <CivilStatus />
  <DateOfBirth />
  <BloodType />
  <SSS>331234568</SSS>
  <TIN />
  <PAGIBIG />
  <Philhealth />
  <ContactNos>09192596341</ContactNos>
  <EmailAddress>juv1321@gmail.com</EmailAddress>
  <Address>ANTIPOLO CITY</Address>
  <Company>LINAS LECHON</Company>
  <Department>ACCOUNTING</Department>
  <Designation>Accountant</Designation>
  <DateHired />
  <FullName_Contact>GINA ARIOLA</FullName_Contact>
  <Relationship_Contact>MOTHER</Relationship_Contact>
  <ContactNos_Contact />
  <Address_Contact>ANTIPOLO CITY</Address_Contact>
  <ForReview>True</ForReview>
  <Recapture>False</Recapture>
  <LeftPrimaryFingerCode>Left Index</LeftPrimaryFingerCode>
  <LeftThumbFingerCode>Left Thumb</LeftThumbFingerCode>
  <RightPrimaryFingerCode>Right Index</RightPrimaryFingerCode>
  <RightThumbFingerCode>Right Thumb</RightThumbFingerCode>
  <PhotoOverride>True</PhotoOverride>
  <SignatureOverride>False</SignatureOverride>
  <PhotoICAO>True</PhotoICAO>
  <PhotoScore>0</PhotoScore>
  <SessionReference>StationName_20161027_035627_0009</SessionReference>
  <Timestamp>10/27/2016 3:57:28 PM</Timestamp>
  <OperatorID>admin</OperatorID>
  <TerminalName>StationName</TerminalName>
</MemberData>