﻿<?xml version="1.0" encoding="utf-8" standalone="yes"?>
<MemberData>
  <FirstName>MICHAEL GLENN  </FirstName>
  <MiddleName>QUINTOS</MiddleName>
  <LastName>MANUZON</LastName>
  <Suffix />
  <Gender>MALE</Gender>
  <CivilStatus>MARRIED</CivilStatus>
  <DateOfBirth>03/15/1986</DateOfBirth>
  <EmploymentStatus>EMPLOYED - GOVERNMENT</EmploymentStatus>
  <RegisteredVoter>YES</RegisteredVoter>
  <TIN>000000000</TIN>
  <Country_BirthAddress>PHILIPPINES</Country_BirthAddress>
  <Province_BirthAddress>PANGASINAN</Province_BirthAddress>
  <City_BirthAddress>Bayambang</City_BirthAddress>
  <Height>178</Height>
  <Weight>90</Weight>
  <DistinguishingMark />
  <FirstName_Father>GONZALO</FirstName_Father>
  <MiddleName_Father>SAN ANTONIO</MiddleName_Father>
  <LastName_Father>MANUZON</LastName_Father>
  <Suffix_Father />
  <FirstName_Mother>LITA</FirstName_Mother>
  <MiddleName_Mother>DELOS SANTOS</MiddleName_Mother>
  <LastName_Mother>QUINTOS</LastName_Mother>
  <Suffix_Mother />
  <FirstName_Spouse>KATHERINE</FirstName_Spouse>
  <MiddleName_Spouse>DACAYANAN</MiddleName_Spouse>
  <LastName_Spouse>MANUZON</LastName_Spouse>
  <Suffix_Spouse />
  <NoOfChildren>1</NoOfChildren>
  <RoomFloorUnitBldg />
  <HouseLotBlock>146</HouseLotBlock>
  <Streetname />
  <Subdivision />
  <Barangay>MAGSAYSAY</Barangay>
  <District>9TH DISTRICT</District>
  <Country_Address>PHILIPPINES</Country_Address>
  <Province_Address>PANGASINAN</Province_Address>
  <City_Address>BAYAMBANG</City_Address>
  <Postal>2423</Postal>
  <MobileNos>09292132585</MobileNos>
  <TelephoneNos />
  <EmailAddress />
  <District_Contact>9TH DISTRICT</District_Contact>
  <FirstName_Contact>KATHERINE</FirstName_Contact>
  <MiddleName_Contact>DACAYANAN</MiddleName_Contact>
  <LastName_Contact>MANUZON</LastName_Contact>
  <Suffix_Contact />
  <RoomFloorUnitBldg_Contact />
  <HouseLotBlock_Contact>146</HouseLotBlock_Contact>
  <Streetname_Contact />
  <Subdivision_Contact />
  <Barangay_Contact>MAGSAYSAY</Barangay_Contact>
  <Country_Address_Contact>PHILIPPINES</Country_Address_Contact>
  <Province_Address_Contact>PANGASINAN</Province_Address_Contact>
  <City_Address_Contact>BAYAMBANG</City_Address_Contact>
  <Postal_Contact>2423</Postal_Contact>
  <MobileNos_Contact>09292132585</MobileNos_Contact>
  <TelephoneNos_Contact />
  <EmailAddress_Contact />
  <RecardReason />
  <LeftPrimaryFingerCode>Left Index</LeftPrimaryFingerCode>
  <LeftThumbFingerCode>Left Thumb</LeftThumbFingerCode>
  <RightPrimaryFingerCode>Right Index</RightPrimaryFingerCode>
  <RightThumbFingerCode>Right Thumb</RightThumbFingerCode>
  <PhotoOverride>True</PhotoOverride>
  <SignatureOverride>False</SignatureOverride>
  <PhotoICAO>True</PhotoICAO>
  <PhotoScore>0.675066662861127</PhotoScore>
  <SessionReference>BYMBNG001_20161004_012430_0008</SessionReference>
  <Timestamp>10/4/2016 1:31:02 PM</Timestamp>
  <OperatorID>jingkie reyes</OperatorID>
  <TerminalName>BYMBNG001</TerminalName>
</MemberData>