﻿<?xml version="1.0" encoding="utf-8" standalone="yes"?>
<MemberData>
  <PrintingType>Replace</PrintingType>
  <ReplaceReason>Torn/Damaged</ReplaceReason>
  <CIF_ID>2432111111111</CIF_ID>
  <FirstName>WRE</FirstName>
  <MiddleName />
  <LastName>RW</LastName>
  <Suffix />
  <Gender>FEMALE</Gender>
  <DateOfBirth>18/11/1977</DateOfBirth>
  <MaritalStatus>Widowed</MaritalStatus>
  <MembershipDate>16/01/2000</MembershipDate>
  <MembershipStatus>HOLD</MembershipStatus>
  <MembershipType>Associate</MembershipType>
  <MobileNos />
  <ContactNos />
  <IDNumber />
  <BranchIssue>AGUINALDO</BranchIssue>
  <Address1>4322</Address1>
  <Address2 />
  <Address3>32432</Address3>
  <City />
  <Province />
  <Country>Philippines</Country>
  <ZipCode />
  <FullName_Contact>RW</FullName_Contact>
  <ContactNos_Contact>RW</ContactNos_Contact>
  <AssociateType />
  <CIF_ID_PrincipalMember />
  <PrincipalName />
  <IDs>2,2,2,1,2,610,0</IDs>
  <Supervisor />
  <VoidReason />
  <RefDataID />
  <LeftPrimaryFingerCode />
  <LeftThumbFingerCode />
  <RightPrimaryFingerCode />
  <RightThumbFingerCode />
  <PhotoOverride>True</PhotoOverride>
  <SignatureOverride>False</SignatureOverride>
  <PhotoICAO>True</PhotoICAO>
  <PhotoScore>0</PhotoScore>
  <SessionReference>StationName_20170508_103852_0001</SessionReference>
  <Timestamp>5/12/2017 4:32:09 PM</Timestamp>
  <OperatorID>admin</OperatorID>
  <TerminalName>StationName</TerminalName>
</MemberData>