﻿<?xml version="1.0" encoding="utf-8" standalone="yes"?>
<MemberData>
  <FirstName>REGIE JOHN</FirstName>
  <MiddleName>MANLONGAT</MiddleName>
  <LastName>DIOLAZO</LastName>
  <Suffix />
  <Gender>MALE</Gender>
  <CivilStatus>SINGLE</CivilStatus>
  <DateOfBirth>04/07/1992</DateOfBirth>
  <EmploymentStatus>EMPLOYED - GOVERNMENT</EmploymentStatus>
  <RegisteredVoter>YES</RegisteredVoter>
  <TIN>000000000</TIN>
  <Country_BirthAddress>PHILIPPINES</Country_BirthAddress>
  <Province_BirthAddress>PANGASINAN</Province_BirthAddress>
  <City_BirthAddress>Bayambang</City_BirthAddress>
  <Height>167</Height>
  <Weight>75</Weight>
  <DistinguishingMark />
  <FirstName_Father>RENATO</FirstName_Father>
  <MiddleName_Father>SORIANO</MiddleName_Father>
  <LastName_Father>DIOLAZO</LastName_Father>
  <Suffix_Father />
  <FirstName_Mother>VERGENIA</FirstName_Mother>
  <MiddleName_Mother>BARBOCO</MiddleName_Mother>
  <LastName_Mother>MANLONGAT</LastName_Mother>
  <Suffix_Mother />
  <FirstName_Spouse />
  <MiddleName_Spouse />
  <LastName_Spouse />
  <Suffix_Spouse />
  <NoOfChildren />
  <RoomFloorUnitBldg />
  <HouseLotBlock />
  <Streetname />
  <Subdivision />
  <Barangay>ZONE I</Barangay>
  <District>9TH DISTRICT</District>
  <Country_Address>PHILIPPINES</Country_Address>
  <Province_Address>PANGASINAN</Province_Address>
  <City_Address>BAYAMBANG</City_Address>
  <Postal>2423</Postal>
  <MobileNos>09083086646</MobileNos>
  <TelephoneNos />
  <EmailAddress />
  <District_Contact>2ND DISTRICT</District_Contact>
  <FirstName_Contact>MIKEE</FirstName_Contact>
  <MiddleName_Contact>DIGUANGCO</MiddleName_Contact>
  <LastName_Contact>GABONADA</LastName_Contact>
  <Suffix_Contact />
  <RoomFloorUnitBldg_Contact />
  <HouseLotBlock_Contact />
  <Streetname_Contact />
  <Subdivision_Contact />
  <Barangay_Contact>BONGATO EAST</Barangay_Contact>
  <Country_Address_Contact>PHILIPPINES</Country_Address_Contact>
  <Province_Address_Contact>PANGASINAN</Province_Address_Contact>
  <City_Address_Contact>BAYAMBANG</City_Address_Contact>
  <Postal_Contact>2423</Postal_Contact>
  <MobileNos_Contact>09083086646</MobileNos_Contact>
  <TelephoneNos_Contact />
  <EmailAddress_Contact />
  <RecardReason />
  <LeftPrimaryFingerCode>Left Index</LeftPrimaryFingerCode>
  <LeftThumbFingerCode>Left Thumb</LeftThumbFingerCode>
  <RightPrimaryFingerCode>Right Index</RightPrimaryFingerCode>
  <RightThumbFingerCode>Right Thumb</RightThumbFingerCode>
  <PhotoOverride>True</PhotoOverride>
  <SignatureOverride>False</SignatureOverride>
  <PhotoICAO>True</PhotoICAO>
  <PhotoScore>0.666670670212285</PhotoScore>
  <SessionReference>BYMBNG001_20161003_060532_0047</SessionReference>
  <Timestamp>10/4/2016 8:55:09 AM</Timestamp>
  <OperatorID>jingkie reyes</OperatorID>
  <TerminalName>BYMBNG001</TerminalName>
</MemberData>