﻿<?xml version="1.0" encoding="utf-8" standalone="yes"?>
<MemberData>
  <PrintingType>New</PrintingType>
  <ReplaceReason />
  <CIF_ID>7789132116546</CIF_ID>
  <FirstName>JAIME</FirstName>
  <MiddleName>LOPEZ</MiddleName>
  <LastName>SANTIAGO</LastName>
  <Suffix />
  <Gender>MALE</Gender>
  <DateOfBirth>29/04/1977</DateOfBirth>
  <MaritalStatus>Married</MaritalStatus>
  <MembershipDate>26/03/2001</MembershipDate>
  <MembershipStatus>TRMND</MembershipStatus>
  <MembershipType>Regular</MembershipType>
  <MobileNos />
  <ContactNos />
  <IDNumber />
  <BranchIssue>AGUINALDO</BranchIssue>
  <Address1>#34 BLOCK 5 LOT 9</Address1>
  <Address2 />
  <Address3 />
  <City>PASAY</City>
  <Province>NCR</Province>
  <Country>Philippines</Country>
  <ZipCode>2344</ZipCode>
  <FullName_Contact>ROBERT PAJARDO</FullName_Contact>
  <ContactNos_Contact>9991234</ContactNos_Contact>
  <AssociateType />
  <CIF_ID_PrincipalMember />
  <PrincipalName />
  <IDs>1,0,1,2,1,610,0</IDs>
  <Supervisor />
  <VoidReason />
  <RefDataID />
  <LeftPrimaryFingerCode>Left Index</LeftPrimaryFingerCode>
  <LeftThumbFingerCode>Left Thumb</LeftThumbFingerCode>
  <RightPrimaryFingerCode>Right Index</RightPrimaryFingerCode>
  <RightThumbFingerCode>Right Thumb</RightThumbFingerCode>
  <PhotoOverride>True</PhotoOverride>
  <SignatureOverride>False</SignatureOverride>
  <PhotoICAO>True</PhotoICAO>
  <PhotoScore>0</PhotoScore>
  <SessionReference>StationName_20170512_050028_0005</SessionReference>
  <Timestamp>5/12/2017 5:02:20 PM</Timestamp>
  <OperatorID>admin</OperatorID>
  <TerminalName>StationName</TerminalName>
</MemberData>