﻿<?xml version="1.0" encoding="utf-8" standalone="yes"?>
<MemberData>
  <FirstName>REGIE</FirstName>
  <MiddleName>PADILLA</MiddleName>
  <LastName>PENULIAR</LastName>
  <Suffix />
  <Gender>MALE</Gender>
  <CivilStatus>MARRIED</CivilStatus>
  <DateOfBirth>01/04/1974</DateOfBirth>
  <EmploymentStatus>EMPLOYED - GOVERNMENT</EmploymentStatus>
  <RegisteredVoter>YES</RegisteredVoter>
  <TIN>000000000</TIN>
  <Country_BirthAddress>PHILIPPINES</Country_BirthAddress>
  <Province_BirthAddress>PANGASINAN</Province_BirthAddress>
  <City_BirthAddress>Bayambang</City_BirthAddress>
  <Height>154</Height>
  <Weight>54</Weight>
  <DistinguishingMark />
  <FirstName_Father>GEORGE</FirstName_Father>
  <MiddleName_Father>DULAY</MiddleName_Father>
  <LastName_Father>PENULIAR</LastName_Father>
  <Suffix_Father />
  <FirstName_Mother>ESTRELLA</FirstName_Mother>
  <MiddleName_Mother>PADILLA</MiddleName_Mother>
  <LastName_Mother>PENULIAR</LastName_Mother>
  <Suffix_Mother />
  <FirstName_Spouse>LOURDES</FirstName_Spouse>
  <MiddleName_Spouse>BANUA</MiddleName_Spouse>
  <LastName_Spouse>PENULIAR</LastName_Spouse>
  <Suffix_Spouse />
  <NoOfChildren>5</NoOfChildren>
  <RoomFloorUnitBldg />
  <HouseLotBlock>163</HouseLotBlock>
  <Streetname />
  <Subdivision />
  <Barangay>DUSOC</Barangay>
  <District>4TH DISTRICT</District>
  <Country_Address>PHILIPPINES</Country_Address>
  <Province_Address>PANGASINAN</Province_Address>
  <City_Address>BAYAMBANG</City_Address>
  <Postal>2423</Postal>
  <MobileNos>09305680285</MobileNos>
  <TelephoneNos />
  <EmailAddress />
  <District_Contact>4TH DISTRICT</District_Contact>
  <FirstName_Contact>ESTRELLA</FirstName_Contact>
  <MiddleName_Contact>PADILLA</MiddleName_Contact>
  <LastName_Contact>PENULIAR</LastName_Contact>
  <Suffix_Contact />
  <RoomFloorUnitBldg_Contact>163</RoomFloorUnitBldg_Contact>
  <HouseLotBlock_Contact />
  <Streetname_Contact />
  <Subdivision_Contact />
  <Barangay_Contact>DUSOC</Barangay_Contact>
  <Country_Address_Contact>PHILIPPINES</Country_Address_Contact>
  <Province_Address_Contact>PANGASINAN</Province_Address_Contact>
  <City_Address_Contact>BAYAMBANG</City_Address_Contact>
  <Postal_Contact>2423</Postal_Contact>
  <MobileNos_Contact>09305680285</MobileNos_Contact>
  <TelephoneNos_Contact />
  <EmailAddress_Contact />
  <RecardReason />
  <LeftPrimaryFingerCode>Left Index</LeftPrimaryFingerCode>
  <LeftThumbFingerCode>Left Thumb</LeftThumbFingerCode>
  <RightPrimaryFingerCode>Right Index</RightPrimaryFingerCode>
  <RightThumbFingerCode>Right Thumb</RightThumbFingerCode>
  <PhotoOverride>True</PhotoOverride>
  <SignatureOverride>False</SignatureOverride>
  <PhotoICAO>True</PhotoICAO>
  <PhotoScore>0.659635922272021</PhotoScore>
  <SessionReference>BYMBNG001_20161004_011837_0007</SessionReference>
  <Timestamp>10/4/2016 1:24:29 PM</Timestamp>
  <OperatorID>jingkie reyes</OperatorID>
  <TerminalName>BYMBNG001</TerminalName>
</MemberData>