﻿<?xml version="1.0" encoding="utf-8" standalone="yes"?>
<MemberData>
  <PrintingType>New</PrintingType>
  <ReplaceReason />
  <CIF_ID>9994564564546</CIF_ID>
  <FirstName>JASPER</FirstName>
  <MiddleName>L</MiddleName>
  <LastName>QUERRO</LastName>
  <Suffix />
  <Gender>MALE</Gender>
  <DateOfBirth>21/04/1981</DateOfBirth>
  <MaritalStatus>Married</MaritalStatus>
  <MembershipDate>26/11/1999</MembershipDate>
  <MembershipStatus>HOLD</MembershipStatus>
  <MembershipType>Regular</MembershipType>
  <MobileNos />
  <ContactNos />
  <IDNumber />
  <BranchIssue>AGUINALDO</BranchIssue>
  <Address1>#23 LOT 3</Address1>
  <Address2 />
  <Address3 />
  <City>MAKATI</City>
  <Province>NCR</Province>
  <Country>Philippines</Country>
  <ZipCode>1600</ZipCode>
  <FullName_Contact>JULIE PALMA</FullName_Contact>
  <ContactNos_Contact>1238888</ContactNos_Contact>
  <AssociateType />
  <CIF_ID_PrincipalMember />
  <PrincipalName />
  <IDs>1,0,1,1,1,610,0</IDs>
  <Supervisor />
  <VoidReason />
  <RefDataID />
  <LeftPrimaryFingerCode>Left Index</LeftPrimaryFingerCode>
  <LeftThumbFingerCode>Left Thumb</LeftThumbFingerCode>
  <RightPrimaryFingerCode>Right Index</RightPrimaryFingerCode>
  <RightThumbFingerCode>Right Thumb</RightThumbFingerCode>
  <PhotoOverride>True</PhotoOverride>
  <SignatureOverride>False</SignatureOverride>
  <PhotoICAO>True</PhotoICAO>
  <PhotoScore>0</PhotoScore>
  <SessionReference>StationName_20170512_045437_0004</SessionReference>
  <Timestamp>5/12/2017 4:56:29 PM</Timestamp>
  <OperatorID>admin</OperatorID>
  <TerminalName>StationName</TerminalName>
</MemberData>