﻿<?xml version="1.0" encoding="utf-8" standalone="yes"?>
<MemberData>
  <PrintingType>New</PrintingType>
  <ReplaceReason />
  <CIF_ID>1112223334444</CIF_ID>
  <FirstName>REY</FirstName>
  <MiddleName />
  <LastName>fkda</LastName>
  <Suffix />
  <Gender>MALE</Gender>
  <DateOfBirth>17/02/1965</DateOfBirth>
  <MaritalStatus>Widowed</MaritalStatus>
  <MembershipDate>22/07/1995</MembershipDate>
  <MembershipStatus>ACTIVE2</MembershipStatus>
  <MembershipType>Associate</MembershipType>
  <MobileNos />
  <ContactNos />
  <IDNumber />
  <BranchIssue>AGUINALDO</BranchIssue>
  <Address1>fds</Address1>
  <Address2 />
  <Address3>fs</Address3>
  <City />
  <Province />
  <Country>Philippines</Country>
  <ZipCode>1600</ZipCode>
  <FullName_Contact>fda</FullName_Contact>
  <ContactNos_Contact>fda</ContactNos_Contact>
  <AssociateType />
  <CIF_ID_PrincipalMember />
  <PrincipalName />
  <IDs>1,0,2,3,2,610,0</IDs>
  <Supervisor />
  <VoidReason />
  <RefDataID />
  <LeftPrimaryFingerCode>Left Index</LeftPrimaryFingerCode>
  <LeftThumbFingerCode>Left Thumb</LeftThumbFingerCode>
  <RightPrimaryFingerCode>Right Index</RightPrimaryFingerCode>
  <RightThumbFingerCode>Right Thumb</RightThumbFingerCode>
  <PhotoOverride>True</PhotoOverride>
  <SignatureOverride>False</SignatureOverride>
  <PhotoICAO>True</PhotoICAO>
  <PhotoScore>0</PhotoScore>
  <SessionReference>StationName_20170512_044451_0002</SessionReference>
  <Timestamp>5/12/2017 4:46:43 PM</Timestamp>
  <OperatorID>admin</OperatorID>
  <TerminalName>StationName</TerminalName>
</MemberData>