﻿<?xml version="1.0" encoding="utf-8" standalone="yes"?>
<MemberData>
  <IDNumber>123456001</IDNumber>
  <FullName>MARIA DE VEGA</FullName>
  <NickName>MARIE</NickName>
  <Gender />
  <CivilStatus />
  <DateOfBirth />
  <BloodType>A</BloodType>
  <SSS>331234567</SSS>
  <TIN />
  <PAGIBIG />
  <Philhealth />
  <ContactNos>09192596541</ContactNos>
  <EmailAddress>ABC@YAHOO.COM</EmailAddress>
  <Address>PASIG CITY</Address>
  <Company>ABC</Company>
  <Department>EXECUTIVE</Department>
  <Designation>SECRETARY</Designation>
  <DateHired />
  <FullName_Contact>ROBERTO TECSON</FullName_Contact>
  <Relationship_Contact>COUSIN</Relationship_Contact>
  <ContactNos_Contact />
  <Address_Contact>PASIG CITY</Address_Contact>
  <ForReview>False</ForReview>
  <Recapture>False</Recapture>
  <LeftPrimaryFingerCode>Left Index</LeftPrimaryFingerCode>
  <LeftThumbFingerCode>Left Thumb</LeftThumbFingerCode>
  <RightPrimaryFingerCode>Right Index</RightPrimaryFingerCode>
  <RightThumbFingerCode>Right Thumb</RightThumbFingerCode>
  <PhotoOverride>True</PhotoOverride>
  <SignatureOverride>False</SignatureOverride>
  <PhotoICAO>True</PhotoICAO>
  <PhotoScore>0</PhotoScore>
  <SessionReference>StationName_20161027_035450_0008</SessionReference>
  <Timestamp>10/27/2016 3:56:26 PM</Timestamp>
  <OperatorID>admin</OperatorID>
  <TerminalName>StationName</TerminalName>
</MemberData>